	Url	Category	Position
0	https://www.gofundme.com/f/justiceforjacobblake	Medical	0
1	https://www.gofundme.com/f/official-navajo-nation-covid19-relief-fund	Medical	0
2	https://www.gofundme.com/f/Tommy-Rivers-Rest-Up	Medical	0
3	https://www.gofundme.com/f/brandon039s-medical-bills-and-medical-expenses	Medical	1
4	https://www.gofundme.com/f/please-help-me-in-the-battle-for-my-life	Medical	1
5	https://www.gofundme.com/f/helping-laura-and-katherine-get-through-my-death	Medical	1
6	https://www.gofundme.com/f/help-mattress-mack-save-camp-hope	Medical	2
7	https://www.gofundme.com/f/rise-up-for-rhys	Medical	2
8	https://www.gofundme.com/f/mercan-a-can	Medical	2
9	https://www.gofundme.com/f/covid19-protest-relief-fund	Medical	3
10	https://www.gofundme.com/f/2succs-the-nolan-family	Medical	3
11	https://www.gofundme.com/f/support-chelsea-ellis039s-mission-to-recovery	Medical	3
12	https://www.gofundme.com/f/treatmentforsiyona	Medical	4
13	https://www.gofundme.com/f/save-dogu039s-life	Medical	4
14	https://www.gofundme.com/f/help-feed-victims-of-2020-massive-beirut-explosion	Medical	4
15	https://www.gofundme.com/f/help-to-save-mrs-satya-ponnawife-of-priest-ponna	Medical	5
16	https://www.gofundme.com/f/CureKinleyKennedy	Medical	5
17	https://www.gofundme.com/f/the-brake-family	Medical	5
18	https://www.gofundme.com/f/beat-down-brain-cancer-for-nurse-ian-youngblood	Medical	6
19	https://www.gofundme.com/f/DanGregoryBLMHero	Medical	6
20	https://www.gofundme.com/f/keith-thomas-jr-recovery-support	Medical	6
21	https://www.gofundme.com/f/help-jaden-amp-his-family-fight-this-battle	Medical	7
22	https://www.gofundme.com/f/health-justice-and-recovery-for-justin-howell	Medical	7
23	https://www.gofundme.com/f/mcknight-fund-help-jeff-buy-time-with-his-family	Medical	7
24	https://www.gofundme.com/f/help-dominic-with-lifesaving-cancer-treatments	Medical	8
25	https://www.gofundme.com/f/Army4Juju	Medical	8
26	https://www.gofundme.com/f/mxjfgb-help-lily-beat-cancer	Medical	8
27	https://www.gofundme.com/f/help-adeline-conquer-covid	Medical	9
28	https://www.gofundme.com/f/colvin-family-recovery	Medical	9
29	https://www.gofundme.com/f/tom-and-maureen-annal-fund	Medical	9
30	https://www.gofundme.com/f/kyrff	Medical	10
31	https://www.gofundme.com/f/y4u42w-atlas-family	Medical	10
32	https://www.gofundme.com/f/fight-for-kamil	Medical	10
33	https://www.gofundme.com/f/vky9j-ebi039s-gofundme	Medical	11
34	https://www.gofundme.com/f/investigator-mario-herrera	Medical	11
35	https://www.gofundme.com/f/csgskf-love-and-support-for-leslie	Medical	11
36	https://www.gofundme.com/f/back-the-bear	Emergency	0
37	https://www.gofundme.com/f/orange-county-ca-firefighters	Emergency	0
38	https://www.gofundme.com/f/help-lebanon-with-rony-seikaly	Emergency	0
39	https://www.gofundme.com/f/donate-to-chabad-ud	Emergency	1
40	https://www.gofundme.com/f/wildfirerelieffund	Emergency	1
41	https://www.gofundme.com/f/hyland-family-emergency-fund	Emergency	1
42	https://www.gofundme.com/f/heroic-dad-shields-kids-from-being-shot-at-car	Emergency	2
43	https://www.gofundme.com/f/firefighter-who-lost-their-home	Emergency	2
44	https://www.gofundme.com/f/atlanta-black-owned-business-relief	Emergency	2
45	https://www.gofundme.com/f/help-chris-and-angie-after-devastating-loss	Emergency	3
46	https://www.gofundme.com/f/support-for-tadataka-and-family	Emergency	3
47	https://www.gofundme.com/f/official-gofundme-for-rayshard-brooks	Emergency	3
48	https://www.gofundme.com/f/black-cat-support-and-memorial-fund	Emergency	4
49	https://www.gofundme.com/f/sparks-family-of-8-fatal-car-accident	Emergency	4
50	https://www.gofundme.com/f/blm-frontline-fundminneapolis	Emergency	4
51	https://www.gofundme.com/f/supportjordansloan	Emergency	5
52	https://www.gofundme.com/f/central-camera-company-rebuild	Emergency	5
53	https://www.gofundme.com/f/maguire-family-care	Emergency	5
54	https://www.gofundme.com/f/manjit-singh-family-help-fund	Emergency	6
55	https://www.gofundme.com/f/apd-max-brewer	Emergency	6
56	https://www.gofundme.com/f/avery-barnes	Emergency	6
57	https://www.gofundme.com/f/22wjg-support-for-the-long-family	Emergency	7
58	https://www.gofundme.com/f/love-for-little-gavin	Emergency	7
59	https://www.gofundme.com/f/wahl-family-relief-fund	Emergency	7
60	https://www.gofundme.com/f/get-billy-mallon-home	Emergency	8
61	https://www.gofundme.com/f/white-mountain-apache-tribe-covid19-relief-fund	Emergency	8
62	https://www.gofundme.com/f/jessica-bender-fund	Emergency	8
63	https://www.gofundme.com/f/help-lafd-captain-Aguirre-and-family	Emergency	9
64	https://www.gofundme.com/f/vxuxgx-lauren-needs-your-help	Emergency	9
65	https://www.gofundme.com/f/jarnagan-family	Emergency	9
66	https://www.gofundme.com/f/daniel-le-porins-medical-care	Emergency	10
67	https://www.gofundme.com/f/firefighter-loses-home-battling-glass-fire	Emergency	10
68	https://www.gofundme.com/f/funeral-expenses-for-carlos-garcia	Emergency	10
69	https://www.gofundme.com/f/nomoreriots	Emergency	11
70	https://www.gofundme.com/f/zahalea-anderson	Emergency	11
71	https://www.gofundme.com/f/fund-for-nethi039s-family	Emergency	11
72	https://www.gofundme.com/f/the-beirut-fund-2020	Emergency	12
73	https://www.gofundme.com/f/adam-haner-fund	Emergency	12
74	https://www.gofundme.com/f/flying-quotshravya-kalepu039squot-body	Emergency	12
75	https://www.gofundme.com/f/czu-fire-relief-for-scb-employees	Emergency	13
76	https://www.gofundme.com/f/for-the-carnel-family	Emergency	13
77	https://www.gofundme.com/f/burned-farmer	Emergency	13
78	https://www.gofundme.com/f/charlotte-wallace	Emergency	14
79	https://www.gofundme.com/f/kenosha-recovery-fundraiser	Emergency	14
80	https://www.gofundme.com/f/travis-journey	Emergency	14
81	https://www.gofundme.com/f/rr8my8-remembering-mike-fournier	Emergency	15
82	https://www.gofundme.com/f/ahmet-alkanli-fund	Emergency	15
83	https://www.gofundme.com/f/aduboahen-family-home-lost-to-wildfire	Emergency	15
84	https://www.gofundme.com/f/lloyd039s-pharmacy-rebuilding-fund-st-paul-riots	Emergency	16
85	https://www.gofundme.com/f/help-liam-ferguson-suffering-severe-brain-trauma	Emergency	16
86	https://www.gofundme.com/f/real-one-gandhi-mahal-revival-fundraiser	Emergency	16
87	https://www.gofundme.com/f/pierre-bergman-rehabilitation-fund	Emergency	17
88	https://www.gofundme.com/f/qduy9-scottstrong	Emergency	17
89	https://www.gofundme.com/f/artists-caryn-amp-wayne-survivors-of-the-glass-fire	Emergency	17
90	https://www.gofundme.com/f/j8ss6-eric-strong	Emergency	18
91	https://www.gofundme.com/f/24njerqr80	Emergency	18
92	https://www.gofundme.com/f/lets-help-the-santa-monica-homeopathic-rebuild	Emergency	18
93	https://www.gofundme.com/f/save-daler-saidov-help-his-family	Emergency	19
94	https://www.gofundme.com/f/vandilization-of-family-run-business-during-riots	Emergency	19
95	https://www.gofundme.com/f/grateful-threads-for-diane	Emergency	19
96	https://www.gofundme.com/f/protect-whistleblower-dawn-wooten	Emergency	20
97	https://www.gofundme.com/f/feed-the-polls	Emergency	20
98	https://www.gofundme.com/f/help-sung-and-kyung-chong-englewood-store-looted	Emergency	20
99	https://www.gofundme.com/f/somali-owned-businesses-affected-by-rioters	Emergency	21
100	https://www.gofundme.com/f/jake-whisenhunt039s-recovery-fund	Emergency	21
101	https://www.gofundme.com/f/wqzyyb-marcy-maloy-recovery-fund	Emergency	21
102	https://www.gofundme.com/f/g34qzv-beirut-explosion-direct-help-to-those-affected	Emergency	22
103	https://www.gofundme.com/f/in-todd-we-trust	Emergency	22
104	https://www.gofundme.com/f/support-for-the-broadway-family	Emergency	22
105	https://www.gofundme.com/f/teamdessino	Emergency	23
106	https://www.gofundme.com/f/SupportMonansRill	Emergency	23
107	https://www.gofundme.com/f/micho-relief-fundraiser	Emergency	23
108	https://www.gofundme.com/f/carnivore-research	Education	0
109	https://www.gofundme.com/f/remembering-dave-yang	Education	0
110	https://www.gofundme.com/f/tyrone-gayle-scholars-program	Education	0
111	https://www.gofundme.com/f/kids-of-kelly-king	Education	1
112	https://www.gofundme.com/f/education-fund-for-tybre-faw	Education	1
113	https://www.gofundme.com/f/gofundmecomfdeicassykora-family-education-fund	Education	1
114	https://www.gofundme.com/f/the-madeley-girls039-memorial-education-fund	Education	2
115	https://www.gofundme.com/f/lost-parents-due-to-covid-need-funds-for-college	Education	2
116	https://www.gofundme.com/f/kzv-vandalism-repair-fund	Education	2
117	https://www.gofundme.com/f/cotecollegefund	Education	3
118	https://www.gofundme.com/f/help-establish-the-salt-eaters-bookshop	Education	3
119	https://www.gofundme.com/f/rabbi-e	Education	3
120	https://www.gofundme.com/f/liberia-learning-center	Education	4
121	https://www.gofundme.com/f/save-the-academy-of-movement-and-music	Education	4
122	https://www.gofundme.com/f/prier-childcare-and-future-education-fund	Education	4
123	https://www.gofundme.com/f/dr-james-charlie-mahoney-scholarship-fund	Education	5
124	https://www.gofundme.com/f/viva-escuelita	Education	5
125	https://www.gofundme.com/f/yhxdv-the-mary-harrison-memorial-children039s-fund	Education	5
126	https://www.gofundme.com/f/elle-damore-angel-fund	Education	6
127	https://www.gofundme.com/f/b2bu6-rnf-scholarship-fund	Education	6
128	https://www.gofundme.com/f/steven-holmes-memorial-education-fund	Education	6
129	https://www.gofundme.com/f/erica-beaman-swammy	Education	7
130	https://www.gofundme.com/f/c225rb-anthony-parodi039s-college-fund	Education	7
131	https://www.gofundme.com/f/stop-ballot-by-mail-vote-harvesting-scheme-in-tx	Education	7
132	https://www.gofundme.com/f/education-fund-for-zora-williams	Education	8
133	https://www.gofundme.com/f/Sustain-the-Birchwood-Magic	Education	8
134	https://www.gofundme.com/f/sanjay-bist-family-education-fund	Education	8
135	https://www.gofundme.com/f/the-arm-fund-for-medical-and-research-trainee-moms	Education	9
136	https://www.gofundme.com/f/chromebooks-for-early-county-high	Education	9
137	https://www.gofundme.com/f/dalton-bright-college-internship-program	Education	9
138	https://www.gofundme.com/f/brittany039s-tomorrow-fund-for-brianna-amp-david-jr	Education	10
139	https://www.gofundme.com/f/diversifyevolution	Education	10
140	https://www.gofundme.com/f/the-quotxquot-for-boys-school-building-fundraiser	Education	10
141	https://www.gofundme.com/f/the-birth-revolution	Education	11
142	https://www.gofundme.com/f/Help-Moreshet-Yerushalayim	Education	11
143	https://www.gofundme.com/f/uchicago-orthopaedic-surgery-residency	Education	11
144	https://www.gofundme.com/f/scholarship-for-om-in-honor-of-satish-pillalamarri	Education	12
145	https://www.gofundme.com/f/menloatherton-cooperative-nursery-school	Education	12
146	https://www.gofundme.com/f/close-the-divide	Education	12
147	https://www.gofundme.com/f/215hd7lg80	Education	13
148	https://www.gofundme.com/f/crossan-children-college-fund	Education	13
149	https://www.gofundme.com/f/providingforpaige	Education	13
150	https://www.gofundme.com/f/patrick-heaney-memorial-education-fund	Education	14
151	https://www.gofundme.com/f/a-beautiful-state-of-mind	Education	14
152	https://www.gofundme.com/f/timothy-walton-remembrance-fund	Education	14
153	https://www.gofundme.com/f/cameron-nohmy-memorial-scholarship-fund	Education	15
154	https://www.gofundme.com/f/hussein-akoush-goes-to-columbia-university	Education	15
155	https://www.gofundme.com/f/judy-koneffklatt-scholarship-fund-at-st-theresa	Education	15
156	https://www.gofundme.com/f/minnesota-poc-business-support	Business	0
157	https://www.gofundme.com/f/support-the-stonewall-inn	Business	0
158	https://www.gofundme.com/f/enchanted-forest-family-owned-theme-park-survival	Business	0
159	https://www.gofundme.com/f/support-for-floras-hair-design	Business	1
160	https://www.gofundme.com/f/hicklebee039s-go-fund-me	Business	1
161	https://www.gofundme.com/f/tip-jar-for-cue378	Business	1
162	https://www.gofundme.com/f/help-diesel-a-bookstore-keep-goingjohnny-99-fund	Business	2
163	https://www.gofundme.com/f/save-the-ottobar	Business	2
164	https://www.gofundme.com/f/forty-acres-project	Business	2
165	https://www.gofundme.com/f/g5u35-save-ken-sanders-rare-books	Business	3
166	https://www.gofundme.com/f/a72xxf-save-the-bookstore	Business	3
167	https://www.gofundme.com/f/help-support-the-bullfish-bar-and-kitchen	Business	3
168	https://www.gofundme.com/f/Rebuilding-Fordham-GoldCashIncKingsJewlery	Business	4
169	https://www.gofundme.com/f/20xtxihkyo	Business	4
170	https://www.gofundme.com/f/cy2fsq-keep-jamkazam-alive-amp-improving	Business	4
171	https://www.gofundme.com/f/keep-kitchen-arts-open	Business	5
172	https://www.gofundme.com/f/join-us-in-building-a-blackled-regnerative-farm	Business	5
173	https://www.gofundme.com/f/healing-path-wellness-services	Business	5
174	https://www.gofundme.com/f/saigon-bay-vietnamese-restaurant-tampa	Business	6
175	https://www.gofundme.com/f/save-the-kettle	Business	6
176	https://www.gofundme.com/f/ChicagoLakeDental	Business	6
177	https://www.gofundme.com/f/honeysuckle-community-center	Business	7
178	https://www.gofundme.com/f/the-8x10-live-music-venue-covid-relief	Business	7
179	https://www.gofundme.com/f/keep-the-plaza-tavern-tradition-alive	Business	7
180	https://www.gofundme.com/f/the-tanqueray-trust	Community	0
181	https://www.gofundme.com/f/pdx-protest-bail-fund	Community	0
182	https://www.gofundme.com/f/the-black-resilience-fund	Community	0
183	https://www.gofundme.com/f/JusticeAndEqualityFund	Community	1
184	https://www.gofundme.com/f/support-officer-anderson	Community	1
185	https://www.gofundme.com/f/housing-for-tgnc-people-experiencing-homelessness	Community	1
186	https://www.gofundme.com/f/college-fund-for-african-american-students	Community	2
187	https://www.gofundme.com/f/rebuilding-oakland-black-businesses	Community	2
188	https://www.gofundme.com/f/mshmemphis	Community	2
189	https://www.gofundme.com/f/warriors-house	Community	3
190	https://www.gofundme.com/f/ATLFund	Community	3
191	https://www.gofundme.com/f/orphaned-edison-boys	Community	3
192	https://www.gofundme.com/f/uhta5-small-businesses	Community	4
193	https://www.gofundme.com/f/protect-farm-field-workers	Community	4
194	https://www.gofundme.com/f/helping-hand-access-pr	Community	4
195	https://www.gofundme.com/f/UrbanTriageForThePeopleByThePeople	Community	5
196	https://www.gofundme.com/f/rebuild-the-block-4-black-owned-small-businesses	Community	5
197	https://www.gofundme.com/f/showing-up-for-morris-home	Community	5
198	https://www.gofundme.com/f/let-us-help-save-uncle-hugo039s	Community	6
199	https://www.gofundme.com/f/support-for-the-dohi-family-noriko-amp-tora	Community	6
200	https://www.gofundme.com/f/gofundmecomfwest-side-community-organization	Community	6
201	https://www.gofundme.com/f/helping-the-woman-with-a-heart-of-gold	Community	7
202	https://www.gofundme.com/f/tmh-won039t-be-silenced	Community	7
203	https://www.gofundme.com/f/rebuild-fade-factory	Community	7
204	https://www.gofundme.com/f/CRCC-Covid-19-Staff-Relief-Fund	Community	8
205	https://www.gofundme.com/f/fortifying-our-foundation-soul-fire-farm	Community	8
206	https://www.gofundme.com/f/Help-Ethiopian-Victims	Community	8
207	https://www.gofundme.com/f/bipoc-healing-foods-fund	Community	9
208	https://www.gofundme.com/f/legal-fees-amp-support-fund-to-divorce-ramsey-orta	Community	9
209	https://www.gofundme.com/f/help-a-steiner-family-and-local-business-owner	Community	9
210	https://www.gofundme.com/f/oakland-black-business-damage-fund	Community	10
211	https://www.gofundme.com/f/CommunitySupportFund	Community	10
212	https://www.gofundme.com/f/team-levi-needs-help	Community	10
213	https://www.gofundme.com/f/save-aunt-charlies	Community	11
214	https://www.gofundme.com/f/it-matters-tech-workers-for-social-justics	Community	11
215	https://www.gofundme.com/f/embrace-loses-county-funding-over-blm-support	Community	11
216	https://www.gofundme.com/f/clean-water-for-navajo	Community	12
217	https://www.gofundme.com/f/Bipoccampingkits	Community	12
218	https://www.gofundme.com/f/building-black-bed-stuy	Community	12
219	https://www.gofundme.com/f/dreadhead	Community	13
220	https://www.gofundme.com/f/Concerned-Jericho-Parents	Community	13
221	https://www.gofundme.com/f/building-a-thriving-black-safe-haven	Community	13
222	https://www.gofundme.com/f/dress-for-success-oklahoma-city	Community	14
223	https://www.gofundme.com/f/help-fund-a-black-queerowned-community-space	Community	14
224	https://www.gofundme.com/f/raise-moving-parts-press-from-the-ashes	Community	14
225	https://www.gofundme.com/f/happy-birthday-nws	Community	15
226	https://www.gofundme.com/f/finedinefrontlines	Community	15
227	https://www.gofundme.com/f/jerk-shack-seattle-land-fund	Community	15
228	https://www.gofundme.com/f/restoration-gloucester-the-curcuru-house	Community	16
229	https://www.gofundme.com/f/mo-black-protester-relief-fund	Community	16
230	https://www.gofundme.com/f/dsmblmfund	Community	16
231	https://www.gofundme.com/f/FullHeartFullBellies	Community	17
232	https://www.gofundme.com/f/pagliacci-pizza-for-community-passageways	Community	17
233	https://www.gofundme.com/f/wearethepromotioncoalition	Community	17
234	https://www.gofundme.com/f/support-owosso-barber-karl-manke	Community	18
235	https://www.gofundme.com/f/help-proof-move	Community	18
236	https://www.gofundme.com/f/museum-workers-speak-relief-fund	Community	18
237	https://www.gofundme.com/f/50-million-masks	Community	19
238	https://www.gofundme.com/f/yz2xx-resist	Community	19
239	https://www.gofundme.com/f/rebuilding-longfellow-amp-lake	Community	19
240	https://www.gofundme.com/f/helprojai	Community	20
241	https://www.gofundme.com/f/support-essential-workers-during-covid19	Community	20
242	https://www.gofundme.com/f/help-black-owned-businesses-rebuild	Community	20
243	https://www.gofundme.com/f/show-love-for-moody-police-department	Community	21
244	https://www.gofundme.com/f/support-officer-williams	Community	21
245	https://www.gofundme.com/f/save-still-partners	Community	21
246	https://www.gofundme.com/f/help-lafd-firefighterjose-m-perez-amp-family	Community	22
247	https://www.gofundme.com/f/nathaniel-bieber-family-fund	Community	22
248	https://www.gofundme.com/f/supportblackownedbusinesses	Community	22
249	https://www.gofundme.com/f/charleston-together-rebuild-and-improve	Community	23
250	https://www.gofundme.com/f/fundraiser-for-tourterelle	Community	23
251	https://www.gofundme.com/f/fill-the-gap-black-led-neighborhood-safety	Community	23
252	https://www.gofundme.com/f/malhotra-weight-loss-challenge	Competition	0
253	https://www.gofundme.com/f/2020-air-support-for-accessibility	Competition	0
254	https://www.gofundme.com/f/mba-debate-tournament-to-benefit-quinn-family	Competition	0
255	https://www.gofundme.com/f/get-justin-summers-a-motec	Competition	1
256	https://www.gofundme.com/f/the-red-scare	Competition	1
257	https://www.gofundme.com/f/25qwjrokdc	Competition	1
258	https://www.gofundme.com/f/pro-masters-north-american-championships	Competition	2
259	https://www.gofundme.com/f/mark-mullery-jr-golf-campaign	Competition	2
260	https://www.gofundme.com/f/guinness-endurance-world-record	Competition	2
261	https://www.gofundme.com/f/sponsor-instructor-k-to-his-competition-goal	Competition	3
262	https://www.gofundme.com/f/ny-pro-fundraiser	Competition	3
263	https://www.gofundme.com/f/sponsor-mikayla-for-nationals	Competition	3
264	https://www.gofundme.com/f/bike-across-kansas-fastest-known-time	Competition	4
265	https://www.gofundme.com/f/replace-stolen-gabriels-triathlon-bike	Competition	4
266	https://www.gofundme.com/f/help-ava-maia-maddie-amp-sofia-get-to-midsouth	Competition	4
267	https://www.gofundme.com/f/ambrosia-pageant	Competition	5
268	https://www.gofundme.com/f/853j5-super-y-nationals	Competition	5
269	https://www.gofundme.com/f/nurse-anesthesiologist-road-to-mrs-american	Competition	5
270	https://www.gofundme.com/f/miss-of-america2020	Competition	6
271	https://www.gofundme.com/f/discovery-spotlight-talent-myrtle-beach-sc	Competition	6
272	https://www.gofundme.com/f/loretta-lynn039s-amateur-championship	Competition	6
273	https://www.gofundme.com/f/lane-boshaw-to-national-high-school-rodeo-finals	Competition	7
274	https://www.gofundme.com/f/bass-high-school-national-championship	Competition	7
275	https://www.gofundme.com/f/help-nolan-murphy-get-to-loretta-lynns-anc	Competition	7
276	https://www.gofundme.com/f/help-madison-and-dante-get-to-the-2020-aecs	Competition	8
277	https://www.gofundme.com/f/mj74j9-help-me-cheer-this-season	Competition	8
278	https://www.gofundme.com/f/jada-for-ms-united-states-2020	Competition	8
279	https://www.gofundme.com/f/nothin-but-net	Competition	9
280	https://www.gofundme.com/f/25mocsv7o0	Competition	9
281	https://www.gofundme.com/f/send-me-to-usat-nationals	Competition	9
282	https://www.gofundme.com/f/addventure-demo-day	Competition	10
283	https://www.gofundme.com/f/ils-regatta	Competition	10
284	https://www.gofundme.com/f/help-winston-firefighters-go-to-world-competition	Competition	10
285	https://www.gofundme.com/f/journey-to-national-american-miss-nationals	Competition	11
286	https://www.gofundme.com/f/lacey-harnish-united-futsaltm-futures	Competition	11
287	https://www.gofundme.com/f/gabbymayodream	Competition	11
288	https://www.gofundme.com/f/Car-Show-and-Build-Fundraiser	Competition	12
289	https://www.gofundme.com/f/npc-nashville-fit-show	Competition	12
290	https://www.gofundme.com/f/dawson-made-it-to-high-school-rodeo-finals	Competition	12
291	https://www.gofundme.com/f/241o0geoxc	Competition	13
292	https://www.gofundme.com/f/23ijp66hhc	Competition	13
293	https://www.gofundme.com/f/ka4ma-miss-long-island-pageant	Competition	13
294	https://www.gofundme.com/f/national-american-miss-teen-costs	Competition	14
295	https://www.gofundme.com/f/sponsor-faith-phares-miss-arcadia-usa	Competition	14
296	https://www.gofundme.com/f/b5e9t-leadership-opportunity	Competition	14
297	https://www.gofundme.com/f/jnkw8-graces-international-fundraiser	Competition	15
298	https://www.gofundme.com/f/4pchnn-general-knowledge	Competition	15
299	https://www.gofundme.com/f/bgirls-run-the-world-2	Competition	15
300	https://www.gofundme.com/f/822vyp-2000	Competition	16
301	https://www.gofundme.com/f/kayla039s-1st-bodybuilding-competition	Competition	16
302	https://www.gofundme.com/f/hetp8-help-me-get-to-nationals	Competition	16
303	https://www.gofundme.com/f/23a9flw580	Competition	17
304	https://www.gofundme.com/f/nprdpy-miss-international-2020	Competition	17
305	https://www.gofundme.com/f/from-urbana-to-mrsusa-petite	Competition	17
306	https://www.gofundme.com/f/angel-bravos-invite-to-tiki-bowl-2020	Competition	18
307	https://www.gofundme.com/f/Chronos2020	Competition	18
308	https://www.gofundme.com/f/national-miss-juneteenth-pageant	Competition	18
309	https://www.gofundme.com/f/ms3jw-help-me-get-to-cooperstown	Competition	19
310	https://www.gofundme.com/f/alexx-is-off-to-nam-nationals-in-orlando	Competition	19
311	https://www.gofundme.com/f/fundraiser-for-kai	Competition	19
312	https://www.gofundme.com/f/kenan-jackson	Competition	20
313	https://www.gofundme.com/f/high-school-bassmaster-national-championship	Competition	20
314	https://www.gofundme.com/f/sponsorship-for-miss-mo-usa	Competition	20
315	https://www.gofundme.com/f/finra039s-new-computer	Competition	21
316	https://www.gofundme.com/f/20u4k2jddc	Competition	21
317	https://www.gofundme.com/f/25icwa9fc0	Competition	21
318	https://www.gofundme.com/f/24wh0psjlc	Competition	22
319	https://www.gofundme.com/f/nationals-2020-npc	Competition	22
320	https://www.gofundme.com/f/lhs-mock-trial-team-yale-invitational	Competition	22
321	https://www.gofundme.com/f/usa-petite-nationals-pageant	Competition	23
322	https://www.gofundme.com/f/23kobdqtw0	Competition	23
323	https://www.gofundme.com/f/muscatine-county-memory-maker-livestock-show	Competition	23
324	https://www.gofundme.com/f/rose-theatre-covid-support-fund	Creative	0
325	https://www.gofundme.com/f/jeanise-jones-borat-movie	Creative	0
326	https://www.gofundme.com/f/theblackschool	Creative	0
327	https://www.gofundme.com/f/DJReliefFund	Creative	1
328	https://www.gofundme.com/f/the-vine-cinema-needs-your-help	Creative	1
329	https://www.gofundme.com/f/help-the-alameda-theatre	Creative	1
330	https://www.gofundme.com/f/for-glass-fam-in-southern-oregon	Creative	2
331	https://www.gofundme.com/f/support-for-boston-symphony-laid-off-employees	Creative	2
332	https://www.gofundme.com/f/22gz4snuk0	Creative	2
333	https://www.gofundme.com/f/rialto-cinemas-needs-your-help	Creative	3
334	https://www.gofundme.com/f/ubp6p-support-kello-media	Creative	3
335	https://www.gofundme.com/f/rialto-cinemas-elmwood-amp-cerrito-need-your-help	Creative	3
336	https://www.gofundme.com/f/northwest-tap-connection-covid19-support	Creative	4
337	https://www.gofundme.com/f/let039s-save-portland-house-of-music	Creative	4
338	https://www.gofundme.com/f/save-km	Creative	4
339	https://www.gofundme.com/f/michael-allen-harrison-christmas-at-the-old-church	Creative	5
340	https://www.gofundme.com/f/ark-lodge-cinemas-capital-campaign	Creative	5
341	https://www.gofundme.com/f/deeds-for-airs	Creative	5
342	https://www.gofundme.com/f/save-the-parlour	Creative	6
343	https://www.gofundme.com/f/trumpet-is-my-weapon-gun-exchange-program	Creative	6
344	https://www.gofundme.com/f/ferguson-rises-racial-healing-documentary	Creative	6
345	https://www.gofundme.com/f/juice-magazine-could-use-your-back-up	Creative	7
346	https://www.gofundme.com/f/game-prototype-fund	Creative	7
347	https://www.gofundme.com/f/save-surflight-theatre	Creative	7
348	https://www.gofundme.com/f/help-save-gateway-city-arts	Creative	8
349	https://www.gofundme.com/f/fundraise-for-lebanon	Creative	8
350	https://www.gofundme.com/f/blackartistsfund	Creative	8
351	https://www.gofundme.com/f/kiley039s-album	Creative	9
352	https://www.gofundme.com/f/vacscene	Creative	9
353	https://www.gofundme.com/f/roger-rockas-gcp-assistance	Creative	9
354	https://www.gofundme.com/f/pantera-limousine-restoration	Creative	10
355	https://www.gofundme.com/f/save-the-mother-in-law-lounge	Creative	10
356	https://www.gofundme.com/f/trans-people-are-sacred-100-cities-campaign	Creative	10
357	https://www.gofundme.com/f/fundraiser-for-furloughed-dso-team-members	Creative	11
358	https://www.gofundme.com/f/help-the-crest-sacramento	Creative	11
359	https://www.gofundme.com/f/5wbdu-maine-music-alliance	Creative	11
360	https://www.gofundme.com/f/BABSSHORT-FILM-BY-BRETTE-TAYLOR	Creative	12
361	https://www.gofundme.com/f/1500-angels-to-save-westside-school-of-ballet	Creative	12
362	https://www.gofundme.com/f/vso-musician-relief-fund	Creative	12
363	https://www.gofundme.com/f/CreativeGenesis	Creative	13
364	https://www.gofundme.com/f/help-the-towne-crier-survive	Creative	13
365	https://www.gofundme.com/f/hummingbird-music-camp-fundraiser	Creative	13
366	https://www.gofundme.com/f/kevin039s-journey-to-interlochen	Creative	14
367	https://www.gofundme.com/f/live-streaming-for-the-people	Creative	14
368	https://www.gofundme.com/f/bid-black	Creative	14
369	https://www.gofundme.com/f/23y1t71tuo	Creative	15
370	https://www.gofundme.com/f/for-james-chance-and-judy-taylor	Creative	15
371	https://www.gofundme.com/f/ahya039s-harp-fund	Creative	15
372	https://www.gofundme.com/f/2020-black-voter-engagement-video-series	Creative	16
373	https://www.gofundme.com/f/black-queer-production-collective-upstart	Creative	16
374	https://www.gofundme.com/f/funds-for-current-films-projects	Creative	16
375	https://www.gofundme.com/f/p7vtn8-ffe-20202021-one-voice-one-community	Creative	17
376	https://www.gofundme.com/f/america-by-david-soul	Creative	17
377	https://www.gofundme.com/f/fear-factory-regenerate	Creative	17
378	https://www.gofundme.com/f/vaudeville-revue-covid-relief	Creative	18
379	https://www.gofundme.com/f/blackopera	Creative	18
380	https://www.gofundme.com/f/9qcp7-in-loving-memory-of-jordan-quotjquot-kent	Creative	18
381	https://www.gofundme.com/f/lift-every-voice-blm-photo-book	Creative	19
382	https://www.gofundme.com/f/039lochen-it-in	Creative	19
383	https://www.gofundme.com/f/hyannis-sound-summer-2020	Creative	19
384	https://www.gofundme.com/f/changethelens	Creative	20
385	https://www.gofundme.com/f/restoring-vandalzed-artist-workshop	Creative	20
386	https://www.gofundme.com/f/m7xnmn-keep-jax-live	Creative	20
387	https://www.gofundme.com/f/we-demand-an-end-to-police-brutality-now	Creative	21
388	https://www.gofundme.com/f/north-county-dance-arts-needs-our-support	Creative	21
389	https://www.gofundme.com/f/angela-and-paul-want-black-people-to-vote	Creative	21
390	https://www.gofundme.com/f/working-class-bipoc-at-cca-fundraiser	Creative	22
391	https://www.gofundme.com/f/a-space-for-queer-bipoc-creatives-in-mi	Creative	22
392	https://www.gofundme.com/f/keep-the-band-on-the-road-after-covid19	Creative	22
393	https://www.gofundme.com/f/saveiaf	Creative	23
394	https://www.gofundme.com/f/saveourtheatreaat	Creative	23
395	https://www.gofundme.com/f/the-ghent-playhouse-raise-the-curtain-fund	Creative	23
396	https://www.gofundme.com/f/usa-patriot-tour	Event	0
397	https://www.gofundme.com/f/ernie039s-al-fresco-appreciation	Event	0
398	https://www.gofundme.com/f/Celebrating-The-Life-and-Legacy-of-Mike-Mudge	Event	0
399	https://www.gofundme.com/f/friar-nation-graduation-2020	Event	1
400	https://www.gofundme.com/f/five-black-activists-from-portland-to-march-in-dc	Event	1
401	https://www.gofundme.com/f/black-out-at-the-chop	Event	1
402	https://www.gofundme.com/f/a-hero-named-kevin	Event	2
403	https://www.gofundme.com/f/trump-unity-bridge-rebuild-project	Event	2
404	https://www.gofundme.com/f/june-joplin-the-next-chapter	Event	2
405	https://www.gofundme.com/f/tesoroclassof2020carevent	Event	3
406	https://www.gofundme.com/f/10K-women-of-color-international-slumber-party	Event	3
407	https://www.gofundme.com/f/save-charlottesville039s-fireworks	Event	3
408	https://www.gofundme.com/f/ashley-marie-wells-celebration	Event	4
409	https://www.gofundme.com/f/2020-lake-travis-fireworks-show	Event	4
410	https://www.gofundme.com/f/mendoza-50th-anniversary-fundraiser-for-big-heroes	Event	4
411	https://www.gofundme.com/f/our-black-legacy-matters-wilfandel-preservation	Event	5
412	https://www.gofundme.com/f/well-he039s-64	Event	5
413	https://www.gofundme.com/f/save-soulfest	Event	5
414	https://www.gofundme.com/f/qnasvm-kevins-girls	Event	6
415	https://www.gofundme.com/f/droidbuilders-swca2020-expenses	Event	6
416	https://www.gofundme.com/f/4e9ub-chases-funeral	Event	6
417	https://www.gofundme.com/f/mch23-don039t-give-up-the-ship	Event	7
418	https://www.gofundme.com/f/combat-radio-xmas-2020	Event	7
419	https://www.gofundme.com/f/yale-surgical-residency-appreciation-fund	Event	7
420	https://www.gofundme.com/f/nick-christian-and-nolan-a-golf-celebration	Event	8
421	https://www.gofundme.com/f/ssh-secret-fundraiser-for-the-ruby	Event	8
422	https://www.gofundme.com/f/liberty-lake-over-the-water-fireworks-show	Event	8
423	https://www.gofundme.com/f/fhs-2020-graduation-gift	Event	9
424	https://www.gofundme.com/f/celebrating-linda-lovely	Event	9
425	https://www.gofundme.com/f/celebrating-jenny-brelsford-the-future-of-her-son	Event	9
426	https://www.gofundme.com/f/33-for-33-for-joann	Event	10
427	https://www.gofundme.com/f/ortho-residency-program	Event	10
428	https://www.gofundme.com/f/sfqjda-confronting-july-4th	Event	10
429	https://www.gofundme.com/f/UHURUDREAMHOUSE	Event	11
430	https://www.gofundme.com/f/the-beloved-projects-anguilla-challange	Event	11
431	https://www.gofundme.com/f/7nsxz-birthday-car	Event	11
432	https://www.gofundme.com/f/hometown-celebration-of-life-and-college-funds	Event	12
433	https://www.gofundme.com/f/ron-henderson	Event	12
434	https://www.gofundme.com/f/race-and-splash-for-leah	Event	12
435	https://www.gofundme.com/f/loretta-greco-artistic-director-magic-theatre	Event	13
436	https://www.gofundme.com/f/penny039s-retirement-celebration	Event	13
437	https://www.gofundme.com/f/crf-live-fitathon	Event	13
438	https://www.gofundme.com/f/beta-gamma-alumni-step-up-for-ucla-fall-rush	Event	14
439	https://www.gofundme.com/f/bzcnp-stamford-blm-street-mural	Event	14
440	https://www.gofundme.com/f/tahoma-high-class-of-2020-recognition	Event	14
441	https://www.gofundme.com/f/qmvsj-vacation-for-willie-hudspeth-and-his-family	Event	15
442	https://www.gofundme.com/f/quotto-miami-with-lovequot-the-exhibit	Event	15
443	https://www.gofundme.com/f/wedding-donations-for-our-new-home	Event	15
444	https://www.gofundme.com/f/shhpk-honorarium-fundraiser	Event	16
445	https://www.gofundme.com/f/dacc-resident-graduation-gift	Event	16
446	https://www.gofundme.com/f/nancy-peters-tribute	Event	16
447	https://www.gofundme.com/f/JGRETIREMENT2020	Event	17
448	https://www.gofundme.com/f/grad-night-at-the-castle	Event	17
449	https://www.gofundme.com/f/8sxcb6-matt-dwyer-50th-birthday-bash	Event	17
450	https://www.gofundme.com/f/mr-patton-is-retiring-please-help-us-thank-him	Event	18
451	https://www.gofundme.com/f/funeral-service-for-phon-neurn	Event	18
452	https://www.gofundme.com/f/phs-alumni-showing-love-to-class-of-2020	Event	18
453	https://www.gofundme.com/f/jpvaku-daniel039s-celebration-of-life	Event	19
454	https://www.gofundme.com/f/indian-lake-fireworks	Event	19
455	https://www.gofundme.com/f/rebecca-amp-jasmine-wedding-fund	Event	19
456	https://www.gofundme.com/f/CircleRRanch	Faith	0
457	https://www.gofundme.com/f/Ethiopia-Evangelical-church-crises-CVID-19	Faith	0
458	https://www.gofundme.com/f/reformation-2020-washington-dc	Faith	0
459	https://www.gofundme.com/f/san-francisco-armenian-church-amp-community-offices	Faith	1
460	https://www.gofundme.com/f/AIMAIR	Faith	1
461	https://www.gofundme.com/f/first-love-outreach-ministries-pandemic-relief	Faith	1
462	https://www.gofundme.com/f/ministry-relief	Faith	2
463	https://www.gofundme.com/f/support-the-burned-tawfiq-mosque-in-n-minneapolis	Faith	2
464	https://www.gofundme.com/f/support-jwic-in-ethiopia	Faith	2
465	https://www.gofundme.com/f/3sf5cg-new-church-building	Faith	3
466	https://www.gofundme.com/f/asiyah-women039s-center-help-us-buy-a-house	Faith	3
467	https://www.gofundme.com/f/magnificent-new-temple-iskcon-parsippany-nj	Faith	3
468	https://www.gofundme.com/f/sisters-in-need-of-help-for-stolen-vehicle	Faith	4
469	https://www.gofundme.com/f/bsa-914	Faith	4
470	https://www.gofundme.com/f/to-secure-funds-for-the-purchase-of-a-church-bldg	Faith	4
471	https://www.gofundme.com/f/8ntwp	Faith	5
472	https://www.gofundme.com/f/islamic-school-struggling-financially	Faith	5
473	https://www.gofundme.com/f/218m0ocfg0	Faith	5
474	https://www.gofundme.com/f/StJohn-Eritrean-Tewahedo-Church-Indianapolis-IN	Faith	6
475	https://www.gofundme.com/f/sbts-profs	Faith	6
476	https://www.gofundme.com/f/Light-of-Christ-Ministries-Fundraiser	Faith	6
477	https://www.gofundme.com/f/tmclife	Faith	7
478	https://www.gofundme.com/f/friends-of-fuzz	Faith	7
479	https://www.gofundme.com/f/w9phg-god039s-little-angels	Faith	7
480	https://www.gofundme.com/f/help-us-teach-cultural-competency-in-the-church	Faith	8
481	https://www.gofundme.com/f/free-me-from-student-loans-to-enter-religious-life	Faith	8
482	https://www.gofundme.com/f/send-a-refugee-family	Faith	8
483	https://www.gofundme.com/f/vgc9b	Faith	9
484	https://www.gofundme.com/f/helprebuildNLBC	Faith	9
485	https://www.gofundme.com/f/dmkmseattle1223	Faith	9
486	https://www.gofundme.com/f/save-our-seminarians-fund	Faith	10
487	https://www.gofundme.com/f/support-building-a-church-in-ethiopia	Faith	10
488	https://www.gofundme.com/f/send-anne-to-the-convent	Faith	10
489	https://www.gofundme.com/f/300-horsepower-300-lives	Faith	11
490	https://www.gofundme.com/f/bhakti-tirtha-swami-house	Faith	11
491	https://www.gofundme.com/f/svw3eh-ayudemos-a-brandon	Faith	11
492	https://www.gofundme.com/f/gianna-floyd-daughter-of-george-floyd-fund	Family	0
493	https://www.gofundme.com/f/justin-riegel	Family	0
494	https://www.gofundme.com/f/support-david-dean-amp-daniel	Family	0
495	https://www.gofundme.com/f/umuta-umut-olalm	Family	1
496	https://www.gofundme.com/f/support-amanda-and-noah	Family	1
497	https://www.gofundme.com/f/92wvm-funding-for-family	Family	1
498	https://www.gofundme.com/f/support-cpd-officer-xu-meng039s-family	Family	2
499	https://www.gofundme.com/f/o-in-memory-of-jared-taul-loving-husband-amp-father	Family	2
500	https://www.gofundme.com/f/wu2vh-a-cause-i-care-about-needs-help	Family	2
501	https://www.gofundme.com/f/mazza-family-fund	Family	3
502	https://www.gofundme.com/f/doug-frisina-foundation	Family	3
503	https://www.gofundme.com/f/tracy-mcgrath	Family	3
504	https://www.gofundme.com/f/TheMartinezFam	Family	4
505	https://www.gofundme.com/f/john-and-elenas-baby-college-fund	Family	4
506	https://www.gofundme.com/f/support-ashton-peebles	Family	4
507	https://www.gofundme.com/f/support-for-the-kroytoro-children	Family	5
508	https://www.gofundme.com/f/support-the-graffs-kinzie-and-ellie	Family	5
509	https://www.gofundme.com/f/shaan039s-battle	Family	5
510	https://www.gofundme.com/f/kmvq8-dixon-family-fund	Family	6
511	https://www.gofundme.com/f/yet6h-team-lucas	Family	6
512	https://www.gofundme.com/f/support-for-the-higgins-family	Family	6
513	https://www.gofundme.com/f/baby-baxter-college-fund	Family	7
514	https://www.gofundme.com/f/rico-fantas	Family	7
515	https://www.gofundme.com/f/kristine-amp-mila-sassoon	Family	7
516	https://www.gofundme.com/f/ada-and-kylie039s-wedding-fund	Newlywed	0
517	https://www.gofundme.com/f/austin-amp-katey039s-dream-wedding-and-adventures	Newlywed	0
518	https://www.gofundme.com/f/chris039s-fund-for-charity	Newlywed	0
519	https://www.gofundme.com/f/kallah-in-israel-needs-funds-for-wedding	Newlywed	1
520	https://www.gofundme.com/f/alison-and-gregg039s-marriage	Newlywed	1
521	https://www.gofundme.com/f/virtual-dollar-dance	Newlywed	1
522	https://www.gofundme.com/f/mike-healy-and-amy-cook	Newlywed	2
523	https://www.gofundme.com/f/25hkn0m59c	Newlywed	2
524	https://www.gofundme.com/f/paint-the-wedding-and-void	Newlywed	2
525	https://www.gofundme.com/f/marsha-and-conrad039s-wedding	Newlywed	3
526	https://www.gofundme.com/f/hajus-green-card-application-fee	Newlywed	3
527	https://www.gofundme.com/f/a-stolen-wedding-help-erick-amp-corwina	Newlywed	3
528	https://www.gofundme.com/f/help-a-kallah-in-belgium	Newlywed	4
529	https://www.gofundme.com/f/xavier-amp-anna-mendoza-wedding-amp-move	Newlywed	4
530	https://www.gofundme.com/f/terri-and-mike039s-honeymoon-trip	Newlywed	4
531	https://www.gofundme.com/f/help-joce-amp-andrew-after-wedding-vendor-took-25k	Newlywed	5
532	https://www.gofundme.com/f/we039re-starting-a-publishing-company	Newlywed	5
533	https://www.gofundme.com/f/black-love-matters-the-ceremony	Newlywed	5
534	https://www.gofundme.com/f/weddinghoneymoon1stapartment-requires-a-miracle	Newlywed	6
535	https://www.gofundme.com/f/brigid-and-jake039s-running-water-fund	Newlywed	6
536	https://www.gofundme.com/f/jen-and-mikells-surprise-engagement-party	Newlywed	6
537	https://www.gofundme.com/f/robert-and-krystals-wedding-apartment-amp-life	Newlywed	7
538	https://www.gofundme.com/f/gkxnt6-kallah-in-need	Newlywed	7
539	https://www.gofundme.com/f/lindsay-anderson-is-getting-married	Newlywed	7
540	https://www.gofundme.com/f/andrew-amp-nisha-wedding-fund	Newlywed	8
541	https://www.gofundme.com/f/womens-battered-shelter	Newlywed	8
542	https://www.gofundme.com/f/buy-the-newlyweds-a-home-to-start-their-family	Newlywed	8
543	https://www.gofundme.com/f/2rfhxy-nate-and-karolina-honeymoon	Newlywed	9
544	https://www.gofundme.com/f/let039s-help-make-a-wedding	Newlywed	9
545	https://www.gofundme.com/f/caroline-and-gabriel-let-there-be-light	Newlywed	9
546	https://www.gofundme.com/f/u8gma-wedding-and-honeymoon-fund	Newlywed	10
547	https://www.gofundme.com/f/help-a-kallah-a-orphan-get-married-next-week	Newlywed	10
548	https://www.gofundme.com/f/hilary-and-tayo039s-postcovid-honeymoon	Newlywed	10
549	https://www.gofundme.com/f/wedding-fund-to-replace-registry	Newlywed	11
550	https://www.gofundme.com/f/help-rich-amp-jessica-build-our-new-home	Newlywed	11
551	https://www.gofundme.com/f/Holly-and-natalie-2020	Newlywed	11
552	https://www.gofundme.com/f/covid-ruined-their-wedding-several-times	Newlywed	12
553	https://www.gofundme.com/f/new-car-for-T-n-T	Newlywed	12
554	https://www.gofundme.com/f/rick-amp-jeanette-meyer039s-30th-wedding-anniversary	Newlywed	12
555	https://www.gofundme.com/f/neanna-and-jason039s-frito-pie-fueled-honeymoon	Newlywed	13
556	https://www.gofundme.com/f/celebration-lucianas-immigration-fund	Newlywed	13
557	https://www.gofundme.com/f/carter--philip-honeymoon-roadtrip	Newlywed	13
558	https://www.gofundme.com/f/dk9muj-sergio-gutierrez-amp-estibaliz-hernandez	Newlywed	14
559	https://www.gofundme.com/f/hs64xf-honeymoon-fund	Newlywed	14
560	https://www.gofundme.com/f/carolynn-amp-jon039s-honeymoon-fund	Newlywed	14
561	https://www.gofundme.com/f/michael-amp-stephanie039s-honeymoon	Newlywed	15
562	https://www.gofundme.com/f/ben-and-katie039s-wedding	Newlywed	15
563	https://www.gofundme.com/f/mitch-and-patrick	Newlywed	15
564	https://www.gofundme.com/f/dana-amp-roey039s-wedding	Newlywed	16
565	https://www.gofundme.com/f/honeymoon-fund-and-wedding-gift	Newlywed	16
566	https://www.gofundme.com/f/marrige-of-justus-amp-mercy	Newlywed	16
567	https://www.gofundme.com/f/joe-and-katies-honeymoon	Newlywed	17
568	https://www.gofundme.com/f/vwhstf-wedding-expenses	Newlywed	17
569	https://www.gofundme.com/f/kallah-in-need-of-our-help	Newlywed	17
570	https://www.gofundme.com/f/mx2sj	Newlywed	18
571	https://www.gofundme.com/f/por-la-mejor-luna-de-miel-para-harent-y-yeray	Newlywed	18
572	https://www.gofundme.com/f/rami-amp-neda-wedding-fund	Newlywed	18
573	https://www.gofundme.com/f/Breast-Cancer-Prevention-Partners	Newlywed	19
574	https://www.gofundme.com/f/km9n6-honeymoon-fund	Newlywed	19
575	https://www.gofundme.com/f/help-us-get-married-cindy-amp-julio	Newlywed	19
576	https://www.gofundme.com/f/mackenzie-and-morgans-happiest-ever-after	Newlywed	20
577	https://www.gofundme.com/f/juana-amp-miguel-wedding-fundraiser	Newlywed	20
578	https://www.gofundme.com/f/matt-amp-christina-bar-tab	Newlywed	20
579	https://www.gofundme.com/f/david-amp-connors-wedding-registry	Newlywed	21
580	https://www.gofundme.com/f/7k7gds-wedding	Newlywed	21
581	https://www.gofundme.com/f/y8w7m-honeymoon	Newlywed	21
582	https://www.gofundme.com/f/rc8p6v-wedding-disaster	Newlywed	22
583	https://www.gofundme.com/f/db3kue-newlywed-funds	Newlywed	22
584	https://www.gofundme.com/f/elisa-amp-lupin-legal-fund	Newlywed	22
585	https://www.gofundme.com/f/jonathan-and-alicia039s-wedding	Newlywed	23
586	https://www.gofundme.com/f/hunter-and-abigail-honeymoon-fund	Newlywed	23
587	https://www.gofundme.com/f/gtakxj-our-honeymoon	Newlywed	23
588	https://www.gofundme.com/f/pride-of-the-people-l39ion-of-los-angeles	Sports	0
589	https://www.gofundme.com/f/rise-up-wmac-fundraiser	Sports	0
590	https://www.gofundme.com/f/camp-deerhorn-2020-fund	Sports	0
591	https://www.gofundme.com/f/support-kokushi-budo	Sports	1
592	https://www.gofundme.com/f/chi-phi-xi-delta-barn-raising-campaign	Sports	1
593	https://www.gofundme.com/f/balance-bicycle-shop-rebuilding-richmond-va	Sports	1
594	https://www.gofundme.com/f/save-the-solvay-geddes-community-youth-center	Sports	2
595	https://www.gofundme.com/f/skip-lapworth-memorial-street-hockey-facility	Sports	2
596	https://www.gofundme.com/f/save-diablo-gymnastics	Sports	2
597	https://www.gofundme.com/f/mike-tootill	Sports	3
598	https://www.gofundme.com/f/campaign-for-the-hidden-genius-project	Sports	3
599	https://www.gofundme.com/f/summit-hilltopper-football-2020	Sports	3
600	https://www.gofundme.com/f/24f8n40tqo	Sports	4
601	https://www.gofundme.com/f/washington-shotokan-association	Sports	4
602	https://www.gofundme.com/f/as-everyone-else-were-a-bit-behind-on-rent	Sports	4
603	https://www.gofundme.com/f/22256r2r5c	Sports	5
604	https://www.gofundme.com/f/cxvsu-cullan-brown-mem-wky-jr-golf-developement-fund	Sports	5
605	https://www.gofundme.com/f/david-granger	Sports	5
606	https://www.gofundme.com/f/help-twisters-survive-covid19	Sports	6
607	https://www.gofundme.com/f/express-bubble-at-freeport	Sports	6
608	https://www.gofundme.com/f/willow-ridge-caddie-fund	Sports	6
609	https://www.gofundme.com/f/rebuild-bay-area-sand-sharks	Sports	7
610	https://www.gofundme.com/f/help-save-revolution-athletics	Sports	7
611	https://www.gofundme.com/f/in-memory-of-dylan-falling	Sports	7
612	https://www.gofundme.com/f/new-canaan-crew-ergathon-2020	Sports	8
613	https://www.gofundme.com/f/support-garry039s-dream	Sports	8
614	https://www.gofundme.com/f/hungry-bear-ultra	Sports	8
615	https://www.gofundme.com/f/help-keep-eliteteam-monterey-going	Sports	9
616	https://www.gofundme.com/f/2376113nhc	Sports	9
617	https://www.gofundme.com/f/champions-martial-arts-brooklyn-downtown-amp-upper-w	Sports	9
618	https://www.gofundme.com/f/keep-evergreen-pool-running	Sports	10
619	https://www.gofundme.com/f/campaign-for-telluride-lizard-head-hockey-club	Sports	10
620	https://www.gofundme.com/f/murrieta-mesa-football	Sports	10
621	https://www.gofundme.com/f/color-the-water-a-BIPOC-surf-initiative	Sports	11
622	https://www.gofundme.com/f/help-your-local-soccer-club	Sports	11
623	https://www.gofundme.com/f/SaveECUSwimDive	Sports	11
624	https://www.gofundme.com/f/minority-owned-startup-comapny	Sports	12
625	https://www.gofundme.com/f/floyd-central-wrestling-golf-scramble	Sports	12
626	https://www.gofundme.com/f/east-bay-rowing-club-juniors-ergathon	Sports	12
627	https://www.gofundme.com/f/rhnnb5-boy-scout-troop-263	Sports	13
628	https://www.gofundme.com/f/spb-go-forth-amp-light-our-world	Sports	13
629	https://www.gofundme.com/f/college-of-alameda-baseball-field	Sports	13
630	https://www.gofundme.com/f/the-umshof-needs-u	Sports	14
631	https://www.gofundme.com/f/john-t-rynn-iii-wrestling-scholarship-fund	Sports	14
632	https://www.gofundme.com/f/help-my-dojo-survive	Sports	14
633	https://www.gofundme.com/f/esee8-blackfeet-nation-boxing-club	Sports	15
634	https://www.gofundme.com/f/save-acro	Sports	15
635	https://www.gofundme.com/f/headhunters-wall-mats-amp-facility-expenses	Sports	15
636	https://www.gofundme.com/f/20ouimcl2o	Sports	16
637	https://www.gofundme.com/f/kylepaytheowls	Sports	16
638	https://www.gofundme.com/f/lake-mayer-rink-resurfacing	Sports	16
639	https://www.gofundme.com/f/save-lasalle-baseball	Sports	17
640	https://www.gofundme.com/f/atown-outdoor-park	Sports	17
641	https://www.gofundme.com/f/family-first-falmouth-road-race	Sports	17
642	https://www.gofundme.com/f/vhw-wrestling-club-pro-cleaning-and-rent	Sports	18
643	https://www.gofundme.com/f/tyler-kornfield-world-cup	Sports	18
644	https://www.gofundme.com/f/SLZLL	Sports	18
645	https://www.gofundme.com/f/poway-high-cheer	Sports	19
646	https://www.gofundme.com/f/sean-amp-hayden-fredrickson-memorial-scholarship	Sports	19
647	https://www.gofundme.com/f/Save-NBC	Sports	19
648	https://www.gofundme.com/f/rizwan-khan-medical-benefit-fundraiser	Sports	20
649	https://www.gofundme.com/f/save-bk-hiit-box	Sports	20
650	https://www.gofundme.com/f/24z79g4mg0	Sports	20
651	https://www.gofundme.com/f/help-martial-way-kungfu	Sports	21
652	https://www.gofundme.com/f/roosevelt-high-school-football-team	Sports	21
653	https://www.gofundme.com/f/21tth5adao	Sports	21
654	https://www.gofundme.com/f/mountain-view-indoor-baseball-facilitypermitting	Sports	22
655	https://www.gofundme.com/f/2wxwx-campion-college-widows-mite	Sports	22
656	https://www.gofundme.com/f/210yr0dr9c	Sports	22
657	https://www.gofundme.com/f/dominating-masks	Sports	23
658	https://www.gofundme.com/f/relief-for-realis-gymnastics-academy-covid19	Sports	23
659	https://www.gofundme.com/f/tpc-twin-cities-staff-fund	Sports	23
660	https://www.gofundme.com/f/support-your-guides-donate-and-get-gorgeous-print	Travel	0
661	https://www.gofundme.com/f/access-2-tanzania-team-relief-fund	Travel	0
662	https://www.gofundme.com/f/send-krogerandy-on-a-vaca	Travel	0
663	https://www.gofundme.com/f/mckinley039s-adventures	Travel	1
664	https://www.gofundme.com/f/scubatony-employee-relief-fundraiser	Travel	1
665	https://www.gofundme.com/f/family-gathering-to-support-brittany-mann	Travel	1
666	https://www.gofundme.com/f/2020-glass-float-project	Travel	2
667	https://www.gofundme.com/f/help-get-rob-pollock-back-off-road	Travel	2
668	https://www.gofundme.com/f/7rjmw-birthday	Travel	2
669	https://www.gofundme.com/f/equipes-de-trekking-au-nepal	Travel	3
670	https://www.gofundme.com/f/255i999q5c	Travel	3
671	https://www.gofundme.com/f/tanzania-safari-staff-food-fundraiser	Travel	3
672	https://www.gofundme.com/f/cas-bwindi-porters-association-food-project	Travel	4
673	https://www.gofundme.com/f/vm2j9-john-prince	Travel	4
674	https://www.gofundme.com/f/send-brian-murray-to-europe	Travel	4
675	https://www.gofundme.com/f/kilimanjaro-crew-support-during-covid19	Travel	5
676	https://www.gofundme.com/f/peru-porter-food-project	Travel	5
677	https://www.gofundme.com/f/covid-adventure-run-2020	Travel	5
678	https://www.gofundme.com/f/help-zimbabwe-people-and-wildlife	Travel	6
679	https://www.gofundme.com/f/nepal-guide-and-porter-food-project	Travel	6
680	https://www.gofundme.com/f/farmington-mountain-bike-trail	Travel	6
681	https://www.gofundme.com/f/galapagos-local-boat-crew-fundraiser	Travel	7
682	https://www.gofundme.com/f/repatriation-flight-to-bangkok	Travel	7
683	https://www.gofundme.com/f/send-papa-jake-back-to-brownlow-house-castle	Travel	7
684	https://www.gofundme.com/f/relief-for-guides-and-porters-of-nepal	Travel	8
685	https://www.gofundme.com/f/bhutan-local-guide-and-staff-fundraiser	Travel	8
686	https://www.gofundme.com/f/permaculture-bamboo-home-and-farm	Travel	8
687	https://www.gofundme.com/f/climb-kili-food-pantry	Travel	9
688	https://www.gofundme.com/f/namaste-goes-camping	Travel	9
689	https://www.gofundme.com/f/neal-family-vacation	Travel	9
690	https://www.gofundme.com/f/sad-to-go	Travel	10
691	https://www.gofundme.com/f/moroccan-guide-and-saharan-camp-staff-fundraiser	Travel	10
692	https://www.gofundme.com/f/help-craig-take-an-adventure-of-a-lifetime	Travel	10
693	https://www.gofundme.com/f/egypt-guide-and-crew-fundraiser	Travel	11
694	https://www.gofundme.com/f/sippel-family-fund-raiser	Travel	11
695	https://www.gofundme.com/f/a-ride-for-netta	Travel	11
696	https://www.gofundme.com/f/let039s-get-aaron-an-offroading-rig	Travel	12
697	https://www.gofundme.com/f/adventure-van-replacement-fund	Travel	12
698	https://www.gofundme.com/f/save-the-samba	Travel	12
699	https://www.gofundme.com/f/namibia-ranger-outfitting-project	Travel	13
700	https://www.gofundme.com/f/stephanie-skyloves-stolen-camera-gear	Travel	13
701	https://www.gofundme.com/f/help-museum-tours-inc-survive-covid19	Travel	13
702	https://www.gofundme.com/f/mew-ohana	Travel	14
703	https://www.gofundme.com/f/the-voyage-of-micron	Travel	14
704	https://www.gofundme.com/f/help-isaiah-travel-and-camping	Travel	14
705	https://www.gofundme.com/f/rethreaded-wilderness-retreat	Travel	15
706	https://www.gofundme.com/f/birthday-challenge-38	Travel	15
707	https://www.gofundme.com/f/a-Great-AdJennture	Travel	15
708	https://www.gofundme.com/f/find-amelias-crashed-electraface	Travel	16
709	https://www.gofundme.com/f/help-sherpa-guides-and-porters-during-lockdown	Travel	16
710	https://www.gofundme.com/f/kxmxf3-emotional-support-animal	Travel	16
711	https://www.gofundme.com/f/patagonia-bus-driver-and-guide-fundraiser	Travel	17
712	https://www.gofundme.com/f/zkdmb8-transportation-for-caleb	Travel	17
713	https://www.gofundme.com/f/visa-for-orcxance	Travel	17
714	https://www.gofundme.com/f/supportdsi	Travel	18
715	https://www.gofundme.com/f/all-terrain-wheelchair-for-keely	Travel	18
716	https://www.gofundme.com/f/fundraiser-for-anna-deneil-gardner	Travel	18
717	https://www.gofundme.com/f/a-trip-for-the-robertson-men-to-honor-miss-juanita	Travel	19
718	https://www.gofundme.com/f/gene-and-jade039s-adventure-fund	Travel	19
719	https://www.gofundme.com/f/homecoming-sail-for-traditional-fijian-drua	Travel	19
720	https://www.gofundme.com/f/gw2k7v-hawaii-tiki-bowl	Travel	20
721	https://www.gofundme.com/f/for-the-porters-of-alpaca-expeditions	Travel	20
722	https://www.gofundme.com/f/sumo-scooter	Travel	20
723	https://www.gofundme.com/f/sanders-disney-trip	Travel	21
724	https://www.gofundme.com/f/help-aristocat-stay-afloat-get-a-huge-discount	Travel	21
725	https://www.gofundme.com/f/build-the-tukgahut	Travel	21
726	https://www.gofundme.com/f/kaitlyns-bucket-list	Travel	22
727	https://www.gofundme.com/f/kerris-bucket-list	Travel	22
728	https://www.gofundme.com/f/goodbye-gift-for-cathy-towner	Travel	22
729	https://www.gofundme.com/f/scuba-xoc-staff-relief-fundraiser	Travel	23
730	https://www.gofundme.com/f/kansas-city-living	Travel	23
731	https://www.gofundme.com/f/22xi7bjayo	Travel	23
732	https://www.gofundme.com/f/9v4q2-justice-for-breonna-taylor	Wishes	0
733	https://www.gofundme.com/f/urgent-help-200-dreamers	Wishes	0
734	https://www.gofundme.com/f/23cdd3-going-back-to-my-roots	Wishes	0
735	https://www.gofundme.com/f/where-freedom-grows	Wishes	1
736	https://www.gofundme.com/f/tmac-family-fund	Wishes	1
737	https://www.gofundme.com/f/relocation-and-sustainability-funding	Wishes	1
738	https://www.gofundme.com/f/get-my-dream-to-become-true	Wishes	2
739	https://www.gofundme.com/f/bring-pradeeps-aspirations-to-life	Wishes	2
740	https://www.gofundme.com/f/conscious-homestead-bipoc-farm-amp-center	Wishes	2
741	https://www.gofundme.com/f/qyxcx-cooper-family	Wishes	3
742	https://www.gofundme.com/f/one-last-wish-for-noelle	Wishes	3
743	https://www.gofundme.com/f/oxley-superhero-fund	Wishes	3
744	https://www.gofundme.com/f/mollyciaracollegefund	Wishes	4
745	https://www.gofundme.com/f/bring-hope-one-haircut-at-a-time	Wishes	4
746	https://www.gofundme.com/f/love-amp-support-for-mia-fitkowska	Wishes	4
747	https://www.gofundme.com/f/future-fund-for-causandra039s-boys	Wishes	5
748	https://www.gofundme.com/f/support-julisa-rodriguez	Wishes	5
749	https://www.gofundme.com/f/uw886-black-lives-matter	Wishes	5
750	https://www.gofundme.com/f/help-junior039s-family	Wishes	6
751	https://www.gofundme.com/f/elena-ferretti-memorial-fund	Wishes	6
752	https://www.gofundme.com/f/help-elizabeth-shaffer-get-an-accessible-van	Wishes	6
753	https://www.gofundme.com/f/community-urban-farm-fund	Wishes	7
754	https://www.gofundme.com/f/trump-supporting-kid	Wishes	7
755	https://www.gofundme.com/f/strong-like-miranda	Wishes	7
756	https://www.gofundme.com/f/mobility-for-carter	Wishes	8
757	https://www.gofundme.com/f/for-christina-white	Wishes	8
758	https://www.gofundme.com/f/20ohjnc51c	Wishes	8
759	https://www.gofundme.com/f/live-like-bree	Wishes	9
760	https://www.gofundme.com/f/tatte-for-black-lives-matter	Wishes	9
761	https://www.gofundme.com/f/rk2bfq-dreams-hopes-amp-wishes	Wishes	9
762	https://www.gofundme.com/f/vzhabr-wheelchair-accessible-van	Wishes	10
763	https://www.gofundme.com/f/lets-get-dad-a-new-car	Wishes	10
764	https://www.gofundme.com/f/patrice-is-finally-free-help-her-start-a-new-life	Wishes	10
765	https://www.gofundme.com/f/bw28yv-taylors-memorial	Wishes	11
766	https://www.gofundme.com/f/helping-to-fulfill-mitchs-legacy	Wishes	11
767	https://www.gofundme.com/f/philipguttersupremecourt	Wishes	11
768	https://www.gofundme.com/f/emily039s-trust-blitz-fundraiser-for-oxford	Wishes	12
769	https://www.gofundme.com/f/22qy8gjp80	Wishes	12
770	https://www.gofundme.com/f/4ckrde-kaushal-kapoor	Wishes	12
771	https://www.gofundme.com/f/support-a-black-native-trans-femme-transition	Wishes	13
772	https://www.gofundme.com/f/jim-annie-and-james-ewing	Wishes	13
773	https://www.gofundme.com/f/could-you-take-a-moment-to-read-this-please	Wishes	13
774	https://www.gofundme.com/f/Firefighter-lost-home-while-fighting-fire	Wishes	14
775	https://www.gofundme.com/f/breelynnstrong	Wishes	14
776	https://www.gofundme.com/f/rebecca-trimble-make-america-her-home	Wishes	14
777	https://www.gofundme.com/f/help-mr-walter-get-a-chess-set-and-some-extra-help	Wishes	15
778	https://www.gofundme.com/f/Aylas-Fundraiser	Wishes	15
779	https://www.gofundme.com/f/21mq91ujxc	Wishes	15
